{

    "metadata" :
    {
        "formatVersion" : 3.1,
        "sourceFile"    : "tv-controller.obj",
        "generatedBy"   : "OBJConverter",
        "vertices"      : 300,
        "faces"         : 222,
        "normals"       : 0,
        "colors"        : 0,
        "uvs"           : 316,
        "materials"     : 2
    },

    "scale" : 1.000000,

    "materials": [	{
	"DbgColor" : 15658734,
	"DbgIndex" : 0,
	"DbgName" : "Mat"
	},

	{
	"DbgColor" : 15597568,
	"DbgIndex" : 1,
	"DbgName" : "Metal_009"
	}],

    "vertices": [-3.878823,-0.190026,5.583752,-3.878823,0.190026,5.583752,3.878823,-0.190026,5.583752,3.878823,0.190026,5.583752,3.878823,-0.190026,0.926313,3.878823,0.190026,0.926313,-3.878823,-0.190026,0.926313,-3.878823,0.190026,0.926313,0.000000,0.000000,3.192386,0.000000,0.000000,0.192386,4.500000,0.000000,3.192386,4.500000,0.000000,3.192386,4.500000,0.000000,0.192386,4.500000,0.000000,0.192386,4.431635,-0.781417,3.192386,4.431635,-0.781417,3.192386,4.431635,-0.781417,0.192386,4.431635,-0.781417,0.192386,4.228617,-1.539091,3.192386,4.228617,-1.539091,3.192386,4.228617,-1.539091,0.192386,4.228617,-1.539091,0.192386,3.897114,-2.250000,3.192386,3.897114,-2.250000,3.192386,3.897114,-2.250000,0.192386,3.897114,-2.250000,0.192386,3.447200,-2.892544,3.192386,3.447200,-2.892544,3.192386,3.447200,-2.892544,0.192386,3.447200,-2.892544,0.192386,2.892544,-3.447200,3.192386,2.892544,-3.447200,3.192386,2.892544,-3.447200,0.192386,2.892544,-3.447200,0.192386,2.250000,-3.897114,3.192386,2.250000,-3.897114,3.192386,2.250000,-3.897114,0.192386,2.250000,-3.897114,0.192386,1.539091,-4.228617,3.192386,1.539091,-4.228617,3.192386,1.539091,-4.228617,0.192386,1.539091,-4.228617,0.192386,0.781417,-4.431635,3.192386,0.781417,-4.431635,3.192386,0.781417,-4.431635,0.192386,0.781417,-4.431635,0.192386,0.000000,-4.500000,3.192386,0.000000,-4.500000,3.192386,0.000000,-4.500000,0.192386,0.000000,-4.500000,0.192386,-0.781417,-4.431635,3.192386,-0.781417,-4.431635,3.192386,-0.781417,-4.431635,0.192386,-0.781417,-4.431635,0.192386,-1.539091,-4.228617,3.192386,-1.539091,-4.228617,3.192386,-1.539091,-4.228617,0.192386,-1.539091,-4.228617,0.192386,-2.250000,-3.897114,3.192386,-2.250000,-3.897114,3.192386,-2.250000,-3.897114,0.192386,-2.250000,-3.897114,0.192386,-2.892544,-3.447200,3.192386,-2.892544,-3.447200,3.192386,-2.892544,-3.447200,0.192386,-2.892544,-3.447200,0.192386,-3.447200,-2.892544,3.192386,-3.447200,-2.892544,3.192386,-3.447200,-2.892544,0.192386,-3.447200,-2.892544,0.192386,-3.897114,-2.250000,3.192386,-3.897114,-2.250000,3.192386,-3.897114,-2.250000,0.192386,-3.897114,-2.250000,0.192386,-4.228617,-1.539091,3.192386,-4.228617,-1.539091,3.192386,-4.228617,-1.539091,0.192386,-4.228617,-1.539091,0.192386,-4.431635,-0.781417,3.192386,-4.431635,-0.781417,3.192386,-4.431635,-0.781417,0.192386,-4.431635,-0.781417,0.192386,-4.500000,0.000000,3.192386,-4.500000,0.000000,3.192386,-4.500000,0.000000,0.192386,-4.500000,0.000000,0.192386,-4.431635,0.781417,3.192386,-4.431635,0.781417,3.192386,-4.431635,0.781417,0.192386,-4.431635,0.781417,0.192386,-4.228617,1.539091,3.192386,-4.228617,1.539091,3.192386,-4.228617,1.539091,0.192386,-4.228617,1.539091,0.192386,-3.897114,2.250000,3.192386,-3.897114,2.250000,3.192386,-3.897114,2.250000,0.192386,-3.897114,2.250000,0.192386,-3.447200,2.892544,3.192386,-3.447200,2.892544,3.192386,-3.447200,2.892544,0.192386,-3.447200,2.892544,0.192386,-2.892544,3.447200,3.192386,-2.892544,3.447200,3.192386,-2.892544,3.447200,0.192386,-2.892544,3.447200,0.192386,-2.250000,3.897114,3.192386,-2.250000,3.897114,3.192386,-2.250000,3.897114,0.192386,-2.250000,3.897114,0.192386,-1.539091,4.228617,3.192386,-1.539091,4.228617,3.192386,-1.539091,4.228617,0.192386,-1.539091,4.228617,0.192386,-0.781417,4.431635,3.192386,-0.781417,4.431635,3.192386,-0.781417,4.431635,0.192386,-0.781417,4.431635,0.192386,0.000000,4.500000,3.192386,0.000000,4.500000,3.192386,0.000000,4.500000,0.192386,0.000000,4.500000,0.192386,0.781417,4.431635,3.192386,0.781417,4.431635,3.192386,0.781417,4.431635,0.192386,0.781417,4.431635,0.192386,1.539091,4.228617,3.192386,1.539091,4.228617,3.192386,1.539091,4.228617,0.192386,1.539091,4.228617,0.192386,2.250000,3.897114,3.192386,2.250000,3.897114,3.192386,2.250000,3.897114,0.192386,2.250000,3.897114,0.192386,2.892544,3.447200,3.192386,2.892544,3.447200,3.192386,2.892544,3.447200,0.192386,2.892544,3.447200,0.192386,3.447200,2.892544,3.192386,3.447200,2.892544,3.192386,3.447200,2.892544,0.192386,3.447200,2.892544,0.192386,3.897114,2.250000,3.192386,3.897114,2.250000,3.192386,3.897114,2.250000,0.192386,3.897114,2.250000,0.192386,4.228617,1.539091,3.192386,4.228617,1.539091,3.192386,4.228617,1.539091,0.192386,4.228617,1.539091,0.192386,4.431635,0.781417,3.192386,4.431635,0.781417,3.192386,4.431635,0.781417,0.192386,4.431635,0.781417,0.192386,0.000000,0.000000,0.050000,0.000000,0.000000,-0.050000,5.000000,0.000000,0.050000,5.000000,0.000000,0.050000,5.000000,0.000000,-0.050000,5.000000,0.000000,-0.050000,4.924039,-0.868241,0.050000,4.924039,-0.868241,0.050000,4.924039,-0.868241,-0.050000,4.924039,-0.868241,-0.050000,4.698463,-1.710101,0.050000,4.698463,-1.710101,0.050000,4.698463,-1.710101,-0.050000,4.698463,-1.710101,-0.050000,4.330127,-2.500000,0.050000,4.330127,-2.500000,0.050000,4.330127,-2.500000,-0.050000,4.330127,-2.500000,-0.050000,3.830222,-3.213938,0.050000,3.830222,-3.213938,0.050000,3.830222,-3.213938,-0.050000,3.830222,-3.213938,-0.050000,3.213938,-3.830222,0.050000,3.213938,-3.830222,0.050000,3.213938,-3.830222,-0.050000,3.213938,-3.830222,-0.050000,2.500000,-4.330127,0.050000,2.500000,-4.330127,0.050000,2.500000,-4.330127,-0.050000,2.500000,-4.330127,-0.050000,1.710101,-4.698463,0.050000,1.710101,-4.698463,0.050000,1.710101,-4.698463,-0.050000,1.710101,-4.698463,-0.050000,0.868241,-4.924039,0.050000,0.868241,-4.924039,0.050000,0.868241,-4.924039,-0.050000,0.868241,-4.924039,-0.050000,0.000000,-5.000000,0.050000,0.000000,-5.000000,0.050000,0.000000,-5.000000,-0.050000,0.000000,-5.000000,-0.050000,-0.868241,-4.924039,0.050000,-0.868241,-4.924039,0.050000,-0.868241,-4.924039,-0.050000,-0.868241,-4.924039,-0.050000,-1.710101,-4.698463,0.050000,-1.710101,-4.698463,0.050000,-1.710101,-4.698463,-0.050000,-1.710101,-4.698463,-0.050000,-2.500000,-4.330127,0.050000,-2.500000,-4.330127,0.050000,-2.500000,-4.330127,-0.050000,-2.500000,-4.330127,-0.050000,-3.213938,-3.830222,0.050000,-3.213938,-3.830222,0.050000,-3.213938,-3.830222,-0.050000,-3.213938,-3.830222,-0.050000,-3.830222,-3.213938,0.050000,-3.830222,-3.213938,0.050000,-3.830222,-3.213938,-0.050000,-3.830222,-3.213938,-0.050000,-4.330127,-2.500000,0.050000,-4.330127,-2.500000,0.050000,-4.330127,-2.500000,-0.050000,-4.330127,-2.500000,-0.050000,-4.698463,-1.710101,0.050000,-4.698463,-1.710101,0.050000,-4.698463,-1.710101,-0.050000,-4.698463,-1.710101,-0.050000,-4.924039,-0.868241,0.050000,-4.924039,-0.868241,0.050000,-4.924039,-0.868241,-0.050000,-4.924039,-0.868241,-0.050000,-5.000000,0.000000,0.050000,-5.000000,0.000000,0.050000,-5.000000,0.000000,-0.050000,-5.000000,0.000000,-0.050000,-4.924039,0.868241,0.050000,-4.924039,0.868241,0.050000,-4.924039,0.868241,-0.050000,-4.924039,0.868241,-0.050000,-4.698463,1.710101,0.050000,-4.698463,1.710101,0.050000,-4.698463,1.710101,-0.050000,-4.698463,1.710101,-0.050000,-4.330127,2.500000,0.050000,-4.330127,2.500000,0.050000,-4.330127,2.500000,-0.050000,-4.330127,2.500000,-0.050000,-3.830222,3.213938,0.050000,-3.830222,3.213938,0.050000,-3.830222,3.213938,-0.050000,-3.830222,3.213938,-0.050000,-3.213938,3.830222,0.050000,-3.213938,3.830222,0.050000,-3.213938,3.830222,-0.050000,-3.213938,3.830222,-0.050000,-2.500000,4.330127,0.050000,-2.500000,4.330127,0.050000,-2.500000,4.330127,-0.050000,-2.500000,4.330127,-0.050000,-1.710101,4.698463,0.050000,-1.710101,4.698463,0.050000,-1.710101,4.698463,-0.050000,-1.710101,4.698463,-0.050000,-0.868241,4.924039,0.050000,-0.868241,4.924039,0.050000,-0.868241,4.924039,-0.050000,-0.868241,4.924039,-0.050000,