{

    "metadata" :
    {
        "formatVersion" : 3.1,
        "sourceFile"    : "tv-controller3.obj",
        "generatedBy"   : "OBJConverter",
        "vertices"      : 292,
        "faces"         : 216,
        "normals"       : 0,
        "colors"        : 0,
        "uvs"           : 296,
        "materials"     : 2
    },

    "scale" : 1.000000,

    "materials": [	{
	"DbgColor" : 15658734,
	"DbgIndex" : 0,
	"DbgName" : "Mat"
	},

	{
	"DbgColor" : 15597568,
	"DbgIndex" : 1,
	"DbgName" : "Metal_009"
	}],

    "vertices": [0.000000,0.000000,1.560395,0.000000,0.000000,0.038662,4.500000,0.000000,1.560395,4.500000,0.000000,1.560395,4.500000,0.000000,0.038662,4.500000,0.000000,0.038662,4.431635,-0.781417,1.560395,4.431635,-0.781417,1.560395,4.431635,-0.781417,0.038662,4.431635,-0.781417,0.038662,4.228617,-1.539091,1.560395,4.228617,-1.539091,1.560395,4.228617,-1.539091,0.038662,4.228617,-1.539091,0.038662,3.897114,-2.250000,1.560395,3.897114,-2.250000,1.560395,3.897114,-2.250000,0.038662,3.897114,-2.250000,0.038662,3.447200,-2.892544,1.560395,3.447200,-2.892544,1.560395,3.447200,-2.892544,0.038662,3.447200,-2.892544,0.038662,2.892544,-3.447200,1.560395,2.892544,-3.447200,1.560395,2.892544,-3.447200,0.038662,2.892544,-3.447200,0.038662,2.250000,-3.897114,1.560395,2.250000,-3.897114,1.560395,2.250000,-3.897114,0.038662,2.250000,-3.897114,0.038662,1.539091,-4.228617,1.560395,1.539091,-4.228617,1.560395,1.539091,-4.228617,0.038662,1.539091,-4.228617,0.038662,0.781417,-4.431635,1.560395,0.781417,-4.431635,1.560395,0.781417,-4.431635,0.038662,0.781417,-4.431635,0.038662,0.000000,-4.500000,1.560395,0.000000,-4.500000,1.560395,0.000000,-4.500000,0.038662,0.000000,-4.500000,0.038662,-0.781417,-4.431635,1.560395,-0.781417,-4.431635,1.560395,-0.781417,-4.431635,0.038662,-0.781417,-4.431635,0.038662,-1.539091,-4.228617,1.560395,-1.539091,-4.228617,1.560395,-1.539091,-4.228617,0.038662,-1.539091,-4.228617,0.038662,-2.250000,-3.897114,1.560395,-2.250000,-3.897114,1.560395,-2.250000,-3.897114,0.038662,-2.250000,-3.897114,0.038662,-2.892544,-3.447200,1.560395,-2.892544,-3.447200,1.560395,-2.892544,-3.447200,0.038662,-2.892544,-3.447200,0.038662,-3.447200,-2.892544,1.560395,-3.447200,-2.892544,1.560395,-3.447200,-2.892544,0.038662,-3.447200,-2.892544,0.038662,-3.897114,-2.250000,1.560395,-3.897114,-2.250000,1.560395,-3.897114,-2.250000,0.038662,-3.897114,-2.250000,0.038662,-4.228617,-1.539091,1.560395,-4.228617,-1.539091,1.560395,-4.228617,-1.539091,0.038662,-4.228617,-1.539091,0.038662,-4.431635,-0.781417,1.560395,-4.431635,-0.781417,1.560395,-4.431635,-0.781417,0.038662,-4.431635,-0.781417,0.038662,-4.500000,0.000000,1.560395,-4.500000,0.000000,1.560395,-4.500000,0.000000,0.038662,-4.500000,0.000000,0.038662,-4.431635,0.781417,1.560395,-4.431635,0.781417,1.560395,-4.431635,0.781417,0.038662,-4.431635,0.781417,0.038662,-4.228617,1.539091,1.560395,-4.228617,1.539091,1.560395,-4.228617,1.539091,0.038662,-4.228617,1.539091,0.038662,-3.897114,2.250000,1.560395,-3.897114,2.250000,1.560395,-3.897114,2.250000,0.038662,-3.897114,2.250000,0.038662,-3.447200,2.892544,1.560395,-3.447200,2.892544,1.560395,-3.447200,2.892544,0.038662,-3.447200,2.892544,0.038662,-2.892544,3.447200,1.560395,-2.892544,3.447200,1.560395,-2.892544,3.447200,0.038662,-2.892544,3.447200,0.038662,-2.250000,3.897114,1.560395,-2.250000,3.897114,1.560395,-2.250000,3.897114,0.038662,-2.250000,3.897114,0.038662,-1.539091,4.228617,1.560395,-1.539091,4.228617,1.560395,-1.539091,4.228617,0.038662,-1.539091,4.228617,0.038662,-0.781417,4.431635,1.560395,-0.781417,4.431635,1.560395,-0.781417,4.431635,0.038662,-0.781417,4.431635,0.038662,0.000000,4.500000,1.560395,0.000000,4.500000,1.560395,0.000000,4.500000,0.038662,0.000000,4.500000,0.038662,0.781417,4.431635,1.560395,0.781417,4.431635,1.560395,0.781417,4.431635,0.038662,0.781417,4.431635,0.038662,1.539091,4.228617,1.560395,1.539091,4.228617,1.560395,1.539091,4.228617,0.038662,1.539091,4.228617,0.038662,2.250000,3.897114,1.560395,2.250000,3.897114,1.560395,2.250000,3.897114,0.038662,2.250000,3.897114,0.038662,2.892544,3.447200,1.560395,2.892544,3.447200,1.560395,2.892544,3.447200,0.038662,2.892544,3.447200,0.038662,3.447200,2.892544,1.560395,3.447200,2.892544,1.560395,3.447200,2.892544,0.038662,3.447200,2.892544,0.038662,3.897114,2.250000,1.560395,3.897114,2.250000,1.560395,3.897114,2.250000,0.038662,3.897114,2.250000,0.038662,4.228617,1.539091,1.560395,4.228617,1.539091,1.560395,4.228617,1.539091,0.038662,4.228617,1.539091,0.038662,4.431635,0.781417,1.560395,4.431635,0.781417,1.560395,4.431635,0.781417,0.038662,4.431635,0.781417,0.038662,0.000000,0.000000,0.050000,0.000000,0.000000,-0.050000,5.000000,0.000000,0.050000,5.000000,0.000000,0.050000,5.000000,0.000000,-0.050000,5.000000,0.000000,-0.050000,4.924039,-0.868241,0.050000,4.924039,-0.868241,0.050000,4.924039,-0.868241,-0.050000,4.924039,-0.868241,-0.050000,4.698463,-1.710101,0.050000,4.698463,-1.710101,0.050000,4.698463,-1.710101,-0.050000,4.698463,-1.710101,-0.050000,4.330127,-2.500000,0.050000,4.330127,-2.500000,0.050000,4.330127,-2.500000,-0.050000,4.330127,-2.500000,-0.050000,3.830222,-3.213938,0.050000,3.830222,-3.213938,0.050000,3.830222,-3.213938,-0.050000,3.830222,-3.213938,-0.050000,3.213938,-3.830222,0.050000,3.213938,-3.830222,0.050000,3.213938,-3.830222,-0.050000,3.213938,-3.830222,-0.050000,2.500000,-4.330127,0.050000,2.500000,-4.330127,0.050000,2.500000,-4.330127,-0.050000,2.500000,-4.330127,-0.050000,1.710101,-4.698463,0.050000,1.710101,-4.698463,0.050000,1.710101,-4.698463,-0.050000,1.710101,-4.698463,-0.050000,0.868241,-4.924039,0.050000,0.868241,-4.924039,0.050000,0.868241,-4.924039,-0.050000,0.868241,-4.924039,-0.050000,0.000000,-5.000000,0.050000,0.000000,-5.000000,0.050000,0.000000,-5.000000,-0.050000,0.000000,-5.000000,-0.050000,-0.868241,-4.924039,0.050000,-0.868241,-4.924039,0.050000,-0.868241,-4.924039,-0.050000,-0.868241,-4.924039,-0.050000,-1.710101,-4.698463,0.050000,-1.710101,-4.698463,0.050000,-1.710101,-4.698463,-0.050000,-1.710101,-4.698463,-0.050000,-2.500000,-4.330127,0.050000,-2.500000,-4.330127,0.050000,-2.500000,-4.330127,-0.050000,-2.500000,-4.330127,-0.050000,-3.213938,-3.830222,0.050000,-3.213938,-3.830222,0.050000,-3.213938,-3.830222,-0.050000,-3.213938,-3.830222,-0.050000,-3.830222,-3.213938,0.050000,-3.830222,-3.213938,0.050000,-3.830222,-3.213938,-0.050000,-3.830222,-3.213938,-0.050000,-4.330127,-2.500000,0.050000,-4.330127,-2.500000,0.050000,-4.330127,-2.500000,-0.050000,-4.330127,-2.500000,-0.050000,-4.698463,-1.710101,0.050000,-4.698463,-1.710101,0.050000,-4.698463,-1.710101,-0.050000,-4.698463,-1.710101,-0.050000,-4.924039,-0.868241,0.050000,-4.924039,-0.868241,0.050000,-4.924039,-0.868241,-0.050000,-4.924039,-0.868241,-0.050000,-5.000000,0.000000,0.050000,-5.000000,0.000000,0.050000,-5.000000,0.000000,-0.050000,-5.000000,0.000000,-0.050000,-4.924039,0.868241,0.050000,-4.924039,0.868241,0.050000,-4.924039,0.868241,-0.050000,-4.924039,0.868241,-0.050000,-4.698463,1.710101,0.050000,-4.698463,1.710101,0.050000,-4.698463,1.710101,-0.050000,-4.698463,1.710101,-0.050000,-4.330127,2.500000,0.050000,-4.330127,2.500000,0.050000,-4.330127,2.500000,-0.050000,-4.330127,2.500000,-0.050000,-3.830222,3.213938,0.050000,-3.830222,3.213938,0.050000,-3.830222,3.213938,-0.050000,-3.830222,3.213938,-0.050000,-3.213938,3.830222,0.050000,-3.213938,3.830222,0.050000,-3.213938,3.830222,-0.050000,-3.213938,3.830222,-0.050000,-2.500000,4.330127,0.050000,-2.500000,4.330127,0.050000,-2.500000,4.330127,-0.050000,-2.500000,4.330127,-0.050000,-1.710101,4.698463,0.050000,-1.710101,4.698463,0.050000,-1.710101,4.698463,-0.050000,-1.710101,4.698463,-0.050000,-0.868241,4.924039,0.050000,-0.868241,4.924039,0.050000,-0.868241,4.924039,-0.050000,-0.868241,4.924039,-0.050000,0.000000,5.000000,0.050000,0.000000,5.000000,0.050000,0.000000,5.000000,-0.050000,0.000000,5.000000,-0.050000,0.868241,4.924039,0.050000,0.868241,4.924039,0.050000,0.868241,4.924039,-0.050000,0.868241,4.924039,-0.050000,