{
    "normals": [-0.984802,0.17365,0,-1,0,0,-0.7257,0,0.687979,-0.714652,0.126011,0.687979,0,0,1,-0.939665,0.342021,0,-0.681936,0.248177,0.687979,-0.865993,0.499985,0,-0.628468,0.362835,0.687979,-0.766045,0.642781,0,-0.555895,0.466475,0.687979,-0.642781,0.766015,0,-0.466445,0.555895,0.687979,-0.499985,0.866024,0,-0.362835,0.628468,0.687979,-0.342021,0.939665,0,-0.248207,0.681936,0.687979,-0.17362,0.984802,0,-0.126011,0.714652,0.687979,0,1,0,0,0.7257,0.687979,0.17362,0.984802,0,0.126011,0.714652,0.687979,0.342021,0.939665,0,0.248177,0.681936,0.687979,0.499985,0.866024,0,0.362835,0.628468,0.687979,0.642781,0.766015,0,0.466475,0.555895,0.687979,0.766015,0.642781,0,0.555895,0.466445,0.687979,0.865993,0.499985,0,0.628468,0.362835,0.687979,0.939665,0.34199,0,0.681936,0.248177,0.687979,0.984802,0.17365,0,0.714652,0.126011,0.687979,0.999969,0,0,0.7257,0,0.687979,0.984802,-0.17365,0,0.714652,-0.126011,0.687979,0.939665,-0.34199,0,0.681936,-0.248177,0.687979,0.866024,-0.499985,0,0.628468,-0.362835,0.687979,0.766045,-0.642781,0,0.555895,-0.466475,0.687979,0.642781,-0.766015,0,0.466475,-0.555895,0.687979,0.499985,-0.866024,0,0.362835,-0.628468,0.687979,0.342021,-0.939665,0,0.248177,-0.681936,0.687979,0.17362,-0.984802,0,0.126011,-0.714652,0.687979,0,-1,0,0,-0.7257,0.687979,-0.17362,-0.984802,0,-0.126011,-0.714652,0.687979,-0.342021,-0.939665,0,-0.248207,-0.681936,0.687979,-0.499985,-0.866024,0,-0.362835,-0.628468,0.687979,-0.642781,-0.766045,0,-0.466475,-0.555895,0.687979,-0.766015,-0.642781,0,-0.555895,-0.466445,0.687979,-0.865993,-0.499985,0,-0.628468,-0.362835,0.687979,-0.939695,-0.34199,0,-0.681936,-0.248207,0.687979,-0.984802,-0.17362,0,-0.714652,-0.126011,0.687979],
    "uvs": [[0,1]],
    "vertices": [-0.228837,-0.279042,0.378299,-0.218837,-0.279042,0.378299,-0.218989,-0.280778,0.378299,-0.21944,-0.282462,0.378299,-0.220177,-0.284042,0.378299,-0.221177,-0.28547,0.378299,-0.222409,-0.286702,0.378299,-0.223837,-0.287702,0.378299,-0.225417,-0.288439,0.378299,-0.227101,-0.28889,0.378299,-0.228837,-0.289042,0.378299,-0.230573,-0.28889,0.378299,-0.232257,-0.288439,0.378299,-0.233837,-0.287702,0.378299,-0.235265,-0.286702,0.378299,-0.236497,-0.28547,0.378299,-0.237497,-0.284042,0.378299,-0.238234,-0.282462,0.378299,-0.238685,-0.280778,0.378299,-0.238837,-0.279042,0.378299,-0.238685,-0.277306,0.378299,-0.238234,-0.275622,0.378299,-0.237497,-0.274042,0.378299,-0.236497,-0.272614,0.378299,-0.235265,-0.271382,0.378299,-0.233837,-0.270382,0.378299,-0.232257,-0.269645,0.378299,-0.230573,-0.269194,0.378299,-0.228837,-0.269042,0.378299,-0.227101,-0.269194,0.378299,-0.225417,-0.269645,0.378299,-0.223837,-0.270382,0.378299,-0.222409,-0.271382,0.378299,-0.221177,-0.272614,0.378299,-0.220177,-0.274042,0.378299,-0.21944,-0.275622,0.378299,-0.218989,-0.277306,0.378299,-0.218837,-0.279042,0.386,-0.218989,-0.280778,0.386,-0.21944,-0.282462,0.386,-0.220177,-0.284042,0.386,-0.221177,-0.28547,0.386,-0.222409,-0.286702,0.386,-0.223837,-0.287702,0.386,-0.225417,-0.288439,0.386,-0.227101,-0.28889,0.386,-0.228837,-0.289042,0.386,-0.230573,-0.28889,0.386,-0.232257,-0.288439,0.386,-0.233837,-0.287702,0.386,-0.235265,-0.286702,0.386,-0.236497,-0.28547,0.386,-0.237497,-0.284042,0.386,-0.238234,-0.282462,0.386,-0.238685,-0.280778,0.386,-0.238837,-0.279042,0.386,-0.238685,-0.277306,0.386,-0.238234,-0.275622,0.386,-0.237497,-0.274042,0.386,-0.236497,-0.272614,0.386,-0.235265,-0.271382,0.386,-0.233837,-0.270382,0.386,-0.232257,-0.269645,0.386,-0.230573,-0.269194,0.386,-0.228837,-0.269042,0.386,-0.227101,-0.269194,0.386,-0.225417,-0.269645,0.386,-0.223837,-0.270382,0.386,-0.222409,-0.271382,0.386,-0.221177,-0.272614,0.386,-0.220177,-0.274042,0.386,-0.21944,-0.275622,0.386,-0.218989,-0.277306,0.386],
    "metadata": {
        "normals": 73,
        "uvs": 1,
        "vertices": 73,
        "faces": 108,
        "generator": "io_three",
        "type": "Geometry",
        "version": 3
    },
    "faces": [40,38,37,1,0,0,0,0,1,2,40,2,38,1,0,0,0,3,0,2,40,2,1,0,0,0,0,3,2,4,40,39,38,2,0,0,0,5,0,3,40,3,39,2,0,0,0,6,5,3,40,3,2,0,0,0,0,6,3,4,40,40,39,3,0,0,0,7,5,6,40,4,40,3,0,0,0,8,7,6,40,4,3,0,0,0,0,8,6,4,40,41,40,4,0,0,0,9,7,8,40,5,41,4,0,0,0,10,9,8,40,5,4,0,0,0,0,10,8,4,40,42,41,5,0,0,0,11,9,10,40,6,42,5,0,0,0,12,11,10,40,6,5,0,0,0,0,12,10,4,40,43,42,6,0,0,0,13,11,12,40,7,43,6,0,0,0,14,13,12,40,7,6,0,0,0,0,14,12,4,40,44,43,7,0,0,0,15,13,14,40,8,44,7,0,0,0,16,15,14,40,8,7,0,0,0,0,16,14,4,40,45,44,8,0,0,0,17,15,16,40,9,45,8,0,0,0,18,17,16,40,9,8,0,0,0,0,18,16,4,40,46,45,9,0,0,0,19,17,18,40,10,46,9,0,0,0,20,19,18,40,10,9,0,0,0,0,20,18,4,40,47,46,10,0,0,0,21,19,20,40,11,47,10,0,0,0,22,21,20,40,11,10,0,0,0,0,22,20,4,40,48,47,11,0,0,0,23,21,22,40,12,48,11,0,0,0,24,23,22,40,12,11,0,0,0,0,24,22,4,40,49,48,12,0,0,0,25,23,24,40,13,49,12,0,0,0,26,25,24,40,13,12,0,0,0,0,26,24,4,40,50,49,13,0,0,0,27,25,26,40,14,50,13,0,0,0,28,27,26,40,14,13,0,0,0,0,28,26,4,40,51,50,14,0,0,0,29,27,28,40,15,51,14,0,0,0,30,29,28,40,15,14,0,0,0,0,30,28,4,40,52,51,15,0,0,0,31,29,30,40,16,52,15,0,0,0,32,31,30,40,16,15,0,0,0,0,32,30,4,40,53,52,16,0,0,0,33,31,32,40,17,53,16,0,0,0,34,33,32,40,17,16,0,0,0,0,34,32,4,40,54,53,17,0,0,0,35,33,34,40,18,54,17,0,0,0,36,35,34,40,18,17,0,0,0,0,36,34,4,40,55,54,18,0,0,0,37,35,36,40,19,55,18,0,0,0,38,37,36,40,19,18,0,0,0,0,38,36,4,40,56,55,19,0,0,0,39,37,38,40,20,56,19,0,0,0,40,39,38,40,20,19,0,0,0,0,40,38,4,40,57,56,20,0,0,0,41,39,40,40,21,57,20,0,0,0,42,41,40,40,21,20,0,0,0,0,42,40,4,40,58,57,21,0,0,0,43,41,42,40,22,58,21,0,0,0,44,43,42,40,22,21,0,0,0,0,44,42,4,40,59,58,22,0,0,0,45,43,44,40,23,59,22,0,0,0,46,45,44,40,23,22,0,0,0,0,46,44,4,40,60,59,23,0,0,0,47,45,46,40,24,60,23,0,0,0,48,47,46,40,24,23,0,0,0,0,48,46,4,40,61,60,24,0,0,0,49,47,48,40,25,61,24,0,0,0,50,49,48,40,25,24,0,0,0,0,50,48,4,40,62,61,25,0,0,0,51,49,50,40,26,62,25,0,0,0,52,51,50,40,26,25,0,0,0,0,52,50,4,40,63,62,26,0,0,0,53,51,52,40,27,63,26,0,0,0,54,53,52,40,27,26,0,0,0,0,54,52,4,40,64,63,27,0,0,0,55,53,54,40,28,64,27,0,0,0,56,55,54,40,28,27,0,0,0,0,56,54,4,40,65,64,28,0,0,0,57,55,56,40,29,65,28,0,0,0,58,57,56,40,29,28,0,0,0,0,58,56,4,40,66,65,29,0,0,0,59,57,58,40,30,66,29,0,0,0,60,59,58,40,30,29,0,0,0,0,60,58,4,40,67,66,30,0,0,0,61,59,60,40,31,67,30,0,0,0,62,61,60,40,31,30,0,0,0,0,62,60,4,40,68,67,31,0,0,0,63,61,62,40,32,68,31,0,0,0,64,63,62,40,32,31,0,0,0,0,64,62,4,40,69,68,32,0,0,0,65,63,64,40,33,69,32,0,0,0,66,65,64,40,33,32,0,0,0,0,66,64,4,40,70,69,33,0,0,0,67,65,66,40,34,70,33,0,0,0,68,67,66,40,34,33,0,0,0,0,68,66,4,40,71,70,34,0,0,0,69,67,68,40,35,71,34,0,0,0,70,69,68,40,35,34,0,0,0,0,70,68,4,40,72,71,35,0,0,0,71,69,70,40,36,72,35,0,0,0,72,71,70,40,36,35,0,0,0,0,72,70,4,40,37,72,36,0,0,0,1,71,72,40,1,37,36,0,0,0,2,1,72,40,1,36,0,0,0,0,2,72,4],
    "name": "ID181Geometry.1"
}